height,weight,age,gender
165,60,25,Female
180,75,30,Male
155,50,22,Female
175,68,28,Male
160,55,23,Female
185,80,35,Male
170,65,27,Female
190,85,32,Male
162,52,21,Female
178,72,29,Male
158,48,24,Female
182,78,33,Male
167,63,26,Female
176,70,31,Male
150,45,20,Female
168,66,29,Female
183,79,34,Male
155,53,22,Female
172,68,30,Male
160,58,25,Female
178,75,32,Male
162,54,23,Female
176,73,31,Male
158,49,24,Female
172,70,28,Male
165,57,26,Female
180,77,34,Male
157,51,22,Female
185,82,36,Male
168,61,27,Female
176,74,32,Male
163,56,25,Female
178,71,30,Male
155,47,21,Female
182,80,33,Male
170,64,28,Female
187,88,37,Male
162,53,23,Female
174,69,30,Male
159,50,24,Female
175,66,28,Female
190,86,35,Male
168,59,26,Female
178,76,33,Male
156,48,22,Female
172,67,29,Male
160,55,25,Female
177,72,31,Male
164,58,27,Female
180,78,34,Male
153,45,20,Female
170,63,27,Female
175,73,32,Male
162,51,23,Female
168,62,27,Female
182,79,35,Male
166,57,25,Female
174,71,30,Male
159,52,24,Female
183,81,36,Male
165,55,26,Female
177,74,31,Male
158,50,23,Female
171,65,28,Female
188,87,38,Male
161,54,25,Female
175,69,31,Male
154,47,22,Female
181,76,33,Male
167,61,27,Female
173,68,29,Male
160,53,24,Female
178,73,30,Male
166,56,26,Female
184,82,37,Male
